{
  "auc": 0.993813331000141,
  "classification_report": {
    "0": {
      "precision": 0.9997262392590209,
      "recall": 0.9999638046363113,
      "f1-score": 0.999845007836152,
      "support": 1270881.0
    },
    "1": {
      "precision": 0.9656972408650261,
      "recall": 0.7881923311016433,
      "f1-score": 0.8679624664879356,
      "support": 1643.0
    },
    "accuracy": 0.9996903791205509,
    "macro avg": {
      "precision": 0.9827117400620236,
      "recall": 0.8940780678689773,
      "f1-score": 0.9339037371620438,
      "support": 1272524.0
    },
    "weighted avg": {
      "precision": 0.9996823032355265,
      "recall": 0.9996903791205509,
      "f1-score": 0.9996747296996021,
      "support": 1272524.0
    }
  }
}